CustomerID,CustomerName,Email,Phone,City
1,  dIANe sMiTH  @,  zHoffMAn@exaMple.com  ,,  HousTOn 
2,daviD jAcOBs,adam80@exAmpLe.coM&, +1-677-663-2603x83070, nEw York 
3,frEDeRiCK wiLSon, allentimOthY@Example.cOm  ,,  daLlas
4,stePhaniE aNdErsOn,lauReNleVY@eXAMple.Org , 763.981.1797X2097, New YoRk
5,  saMantHa oNEal  ,  bowenedWin@Example.Com ,,dallas
6, kriStopHEr rodRiguEz  ,  weAVersTEVeN@examPLe.net$, 637-707-9669X4484,  Los angeles  
7,  JORdan hErnaNdEz,  UchAsE@example.net , 396-299-6882x983,  hOuSTON 
8,  rEnee HaNsen,,(873)341-0860x507,los angELes
9,maTheW mCintyrE, lOpezjAmeS@examplE.orG, 001-757-799-0343X71212,new york
10,  mICHaEl GReEN  ,yCarter@exaMple.org,  367-692-8702  ,  chiCago
11,jaCOb clay,, 001-711-285-4016x392#,hOUStOn  
12,anDRea Smith  ,gregoryMCcoRmIck@Example.com  , (294)313-8454x60438,ChIcago 
13, stacY JaCksOn ,  davisvictOR@ExamPle.oRG,,  lOs aNGEleS  
14,  joshUA ridDle,  brittnEy07@exampLe.com,  001-853-546-9232X840,los angeLeS 
15,  auSTin roWE  ,deVIn34@exaMple.nEt,001-318-384-2124x7515 , dAllas  
16,lIsa Allen , xjohnSoN@eXample.COm,001-678-313-1008x2910,
17,  mAdiSoN French, SaraHchaveZ@exaMple.cOM ,,??
18,  jaMeS aLVArez , ParsoNscyntHIA@eXamplE.org  ,,###
19,lAwrEnCe priNce  $,  walshanthOny@exAmPle.coM, 287.906.6829x8055  ,  hoUstoN 
20, kARen miLLEr  ,,,lOS anGElEs  
21,tRAcIe schroEDer ,  rOBErT69@ExaMpLe.net,(801)936-6246x38316 ,??
22, shawN Luna ,  EBRaUN@eXampLe.net,546-680-3455X57826 ,  housTon 
23, michAeL BRennan  ,,, neW YORk &
24, NicholaS browN  , vjOhnson@exAmPLE.Org , 373.375.8616x49596,  HoustOn 
25,  diANa copelANd  ,  CLaYgrEgory@exAMPLe.Net  ,(506)839-5791x79669,  LOS aNgeLes  
26,riCharD campbeLL, uHOoPEr@ExamPle.org , +1-356-335-9836x258%,  HousTon
27, chEryL pEaRsoN,rObErt06@EXaMPle.com , 948-554-7065 ,??
28,  joNAthan gray  , trAVIsBaker@examPlE.neT,,los aNgEles  
29,joHn crAig ,  jamEsHerRERA@eXamplE.com ,+1-624-292-7262x912  ,
30,rIckY wILson,JeNnIfEr69@ExAmPlE.Net,  +1-379-319-9096x5121,hOuston  
31,  benJamin lane  ,  rrOBErts@ExaMple.com  ,417.481.8525  ,  cHiCaGo 
32,amAnda martinez  ,  gRIFFitHarthuR@eXAmPle.CoM,, cHiCAGO
33,jAMes pIttman , StepHANie50@ExamPle.neT ,+1-553-341-6466x543 ,  ChiCago 
34, KaREN bOoKer , qHUanG@exAmpLe.cOm  ,,  hOUston
35,  jiMmy NavarrO  ,trAngEl@exaMplE.com  , 559.497.1020x0450 ,??
36, anita PruItT ,,, Los angELEs
37,  karla pIneda  ,  jOhnny92@eXampLe.ORg,001-623-960-6918x4857 , HouStOn  $
38,daNa broCk , marK15@eXAMPle.com,  (976)953-3259 ,
39,  lindA rAmsey  , JOsEphLE@ExaMPle.net  ,648.414.9349x723 ,hOusTON
40,  cORey allen ,  CodY27@EXample.cOm  ,(602)707-0722 ,  chicagO
41,DALE sTEvensON , mArkwillIams@ExaMPle.nET,,  los AngEles 
42,  KAtHy mYers ,  elIjAHmONroE@ExamPle.cOM ,,lOS angeles
43,iSAiah RoGErs,jAmEsTImOthY@ExaMple.org, +1-306-731-1543X699 ,  chicago  
44, rebeccA brAdLey  , DaviD19@eXamplE.Net  ,,  NeW yOrk  &
45,EiLeen CArRILlo ,rayMOndblAck@eXample.cOm , 001-850-921-6758x533,  HoUstoN
46,  JULIA anderseN ,martinezniCHoLas@ExampLE.coM,001-709-400-2271,@@@
47, daniELle Ho  @, mElisSA54@EXAMPle.oRg ,,@@@
48, verOnicA davis  ,  alVArEzlInda@exampLe.oRG, 213.785.8681x98168  ,@@@
49,amy cain  ,  brussell@exAMPle.CoM,, dAllas  
50,bOnnie JIMenEz  ,  siNGhnatHanIeL@ExampLe.NeT ,, NEw yOrk
51, keIth WilcoX ,JOhN72@ExAmple.net ,533.718.6655 , chIcAgo  
52,  jermaiNe chrIStenSen  ,  cHasEwilliAMs@exampLE.orG ,  568-249-1118X80446  $,  nEw YORk  
53,  eriK wilson  , SchNEiDerkaTherine@exampLe.cOM, 900.901.4130x3133  ,  NeW yOrk  
54,  bEnjamin johNson ,bstepHENs@exAmpLe.com  ,  779.977.9729x081 ,  Los ANGeles
55,shannon GRiffin  , wiLliaMSTraCY@EXampLe.Org,,@@@
56,RACHeL bRowN,roberto47@ExaMple.oRg ,+1-222-771-6994x464  ,??
57,debrA haynEs ,droBerTs@EXampLe.org ,734-957-8943,neW york  
58,rObert bUrtOn  ,,433-803-6753x816 ,??
59, Gabriel mAsON  ,  marc51@exaMPlE.net  ,  735-691-4498X73090,  dallas
60, amBEr jAcObs, renee60@examPle.NeT  ,  7823917781,  DALlas  
61, toni MeyeR, fSpence@ExAMpLe.nEt@, 482.996.7285x992 ,chiCaGo 
62,AsHley kInG , newmAnpatriCk@exampLE.COm  ,332.924.6917x68864#,  lOs ANgelEs 
63,  rAlph colon,BwOODs@examPle.oRg ,2452953395  $,  dallas  
64,  susAN mCDonald ,chaRLESHunTeR@EXAmpLE.com  ,  872.761.8653x073  ,dallas  
65,madisoN CaStillo ,maNUel03@examPlE.net,(711)685-3816X1734  &,  hoUston
66,  micHAel carR, BaRbeRelizAbeth@ExaMple.com ,001-404-526-9709,###
67,rEbecCa goNzAles,aMy34@examPle.net,001-671-523-3030x689  ,  neW yoRk
68,JeREmy wIlliams,  TFRaNkLin@exAMPLE.net,  970.901.6062x2703  , nEw yORk @
69,  veRonicA odonnEll,nmoSLeY@ExamPLE.oRg &,4708390132,hoUstON
70, benJaMin ElliS,SmONtgOmery@exampLe.NET ,,??
71, JessE jones  ,NHernaNdEz@ExAmple.cOm  ,  001-469-947-0159x6370,ChicaGo 
72, AlEx avilA  ,haRtjenniFER@examPLe.ORg ,  +1-243-820-9295x07556 ,  NeW York
73, kyle waltON ,amybriGgs@exampLE.org ,+1-231-806-8621X975  , chiCaGo 
74,  TImOthY brOwn  , YpONce@eXaMplE.Com,(754)451-0347x444,hOusTon
75, JOse oliVeR,thomaslISA@EXAmplE.oRG ,  001-759-949-7984x173@,los anGeLeS
76,  eliZabEtH MeNdEz,BEVerlyoLiVer@exAmpLe.orG ,528-417-0467  #,  dallAs 
77,stAcEY scott $,  qmooRE@exampLe.Net  ,+1-761-853-6970, new yOrK %
78,  Teresa riCe ,  jOshUa47@eXamplE.com  ,  347-950-2711 ,housTon  
79,mAsoN hilL,qsMith@exAmple.neT ,,  NeW york
80,  COdY rogers  ,  joNeSjOHn@eXaMplE.com, (392)630-9197, hoUsTon  #
81, matthew cLaRk, WalkERgAry@examPle.CoM  ,702-640-0901 ,  hOusTon
82, rObert WilLiams  , JenNifErwise@examPlE.org, 725-737-3527x045  , NeW york
83,eRica huang  ,  sMiThkeviN@eXample.net,,dallas  
84, JOsHua skiNner,nIcoLe96@eXAMplE.Net ,  586-622-8042X94576 , dalLaS
85, emily davis  ,  wendygrosS@eXampLe.org, 001-462-261-6918, HOuston
86,  bOBby REiD  ,  WARdkAren@eXamPLe.Org,843.730.4419x82531 ,new yoRk
87, DavId youNg ,  philLipsJames@exaMple.cOM, 867-522-9781x551, Los ANgelES  
88, KeNneth miles ,menDezjOhn@exAMPle.nET  ,(431)328-8384X9987,  dAllAs
89, chRIstIna yoDER  ,  jaRedChaveZ@eXAMPle.net  ,+1-852-255-5679  ,  chIcagO 
90,  beTh ANdErsOn  ,  BrewermicheLlE@ExAmPle.cOM  ,  922.402.0633x84222  , hoUstoN 
91, DEborah bARRett,  randall36@eXaMPle.oRg  ,651-407-1543x398  , nEw yoRk  
92,MichAel mARshAll  ,  NmitcHelL@Example.Org  ,, DaLlas 
93, James nelSOn,grObertSon@eXaMPlE.net  ,  209.745.5754X2372 ,  NEw yOrk  @
94,amanDa Brown,,  (286)867-9916x801,new york 
95,  rYAn baileY,, (696)410-6941X525  ,los AnGelEs
96,  gEoRge durHam , SamanTha03@Example.coM ,  +1-256-359-0845x2412,  neW yoRK  
97, cHristOpher sHort  , SwooD@ExAmPle.com#,, hOUstoN
98, jEan haMilTOn ,  nkeRr@ExaMple.Com ,6837147690  ,los angELEs
99,david joneS,  roger57@eXAmple.com ,  (262)320-1665x5487,dAllas  
100,  chrIStoPheR undErwooD , obUTleR@example.cOm ,  388-471-9376X353,  ChIcagO  
101,  cassidY YoUng,MILlerdaVid@eXaMpLE.nEt  ,  001-927-416-4919X461, New yorK  
102,Dr. codY padilla,  jaSon90@exAMPlE.Net , (470)442-3526x15945,@@@
103,  sHAROn martIn ,  ITaylor@EXaMPlE.com  ,,###
104,  rebEcCa ibarRA  ,  jEssiCA73@examplE.orG ,506-459-4515 ,dallas 
105,  MelInda Cole, brIannahiCkMan@eXampLe.com ,  001-248-772-3922x436,@@@
106,marY nelson ,  dOnnA98@examPle.COm ,  (626)963-8185X9877 ,###
107,ShERyl joyce,ginA85@exAmple.nEt  ,  713-580-1136 , NeW YOrk
108,jacOb oLsEn dds , wwRight@examPLe.org ,(797)603-2084x80711, Los angeles  
109,MarIE mCdaniel,WIlliAm28@EXAmpLe.org,+1-880-732-1463x6098  ,??
110, michEllE avila  ,kEvinhAyES@examPLe.neT ,419-318-1036 ,  new york 
111,  christina dAughertY  ,vAldezLaura@example.CoM  , 388-991-5648  , hOUstOn  
112,jaCob KnOx$, lORi11@examPLe.NeT  ,  992.525.9380 ,chiCAgo
113,  maRgaret harrington  , doNaLD09@exAMplE.orG ,827.273.7576 ,  los aNgeles 
114,  roBErT FREeman , wAltermILLer@exampLE.OrG ,  +1-565-703-7455x169, houstoN  
115,  robert PaYne , riChaRdrAmos@eXAMple.nET ,,  dAllAS
116,mIcHAeL vAZQuez,DEnise24@ExaMple.com, (708)473-2928 ,nEw york 
117,jOhn scOTT  , gSpeaRs@example.net,,cHicago  
118, jonaThAn hull&,  CAldwellmichElle@eXaMpLe.Net  ,  +1-797-804-3188, new york
119,  stacey WrIght ,  Tammy77@eXAmple.net  , 001-896-655-0840x807 , houStoN 
120,DoNnA morriS , chaD11@eXaMple.nEt  , (298)987-7655 ,  los AnGeles  
121, SCOtt hArrIS,lisaPeRry@ExamplE.cOm ,, dallAs 
122,  amy OcOnNOR  , jRomeRo@exAmpLe.org ,(380)204-1267,  LOs angEles 
123,  andrew frank,HmADDoX@example.oRG,(884)707-9970x1398 ,housTon
124, diaNa BOwErs,IMcmiLlan@eXample.net  ,, chicAgo
125, cArly ricE  ,bramirez@examPle.oRg,, new YorK
126, daNiEl perez , MoRgAn41@eXaMple.com,, chicAGo  
127,jesse dAvis,  ryANcOllIns@eXAmpLe.org,  457.788.4915x325  , LOs angeLes 
128,stephEn GreGory, eellioTt@eXaMPlE.nET,212-481-1745x242  , chiCaGo  
129,  SCotT gRIfFiN  ,  edwARd93@exAmPlE.coM,  200-829-2366 , dallas 
130,  vaneSsA Clay  ,  FArleYHeAtHer@exaMplE.org , 265-714-4030x0788 ,  daLlaS
131,michael roberts  ,  leaH32@EXaMPle.oRg ,001-541-608-7205x317 ,  dALlas 
132,  steVeN mooRe  #,,  731.447.2114,  new york  
133,Eric morGan  ,  kyLeriCHardson@example.org ,,@@@
134, jEnNifer wAteRs ,  RussellRebECcA@exaMPlE.orG @, +1-512-656-8792x2791 ,  hoUSTon  
135, jerRY davIs  ,rodrigueZShErri@exAmplE.org  ,001-759-978-3236  , HouSTOn  
136,racHel hErNandez  #,  JAsOnPaRK@exAmPle.net , (688)389-3284X45950,  Chicago 
137,michaEl gutierrEz,, 001-306-207-5465x8462,  los AngeLEs
138, JoRdan ROBErtSon ,  nicole63@example.org ,607-967-0207X3178 ,###
139, jAck stEphENS ,,,Los angElEs 
140,denniS suLliVan @,,  421.947.1763x6644  ,
141,  justIN johnsOn,lOpezkeVin@exampLE.orG  ,319-662-0212x70237,  NEw yORk  
142, lEslie arNOld  ,  ubArNEs@example.NeT  ,001-778-922-0979x086  , Los anGEles 
143, rosE huFFman ,jrEyes@eXamplE.Org  ,, dallas  #
144, KayLA graY Phd,stoneMia@eXaMpLE.orG  ,  493-293-2767 , new york  
145,vIncenT ColLins ,,  706-363-2964X8595  , dallAs  
146,  AnnA johnson  ,  cynthia71@exaMplE.net ,857-300-5778 ,  chiCagO
147,  anNe vEga,garciAashley@examplE.ORG  , 5207186396,dallAs
148,KennEtH WalKer ,eCaRlson@exaMplE.Net  , 799-531-5526x6247 , chicagO
149,  BrUCe pattersOn  ,  kaNderSEN@eXamPlE.orG  , 591.510.9132x14543  ,  dALlAs  #
150,bRIaNa frank,  Lori68@EXAMple.ORg,  354.936.7396x350  ,loS ANgeLes
151,AbigAil gOmeZ,miLlSjack@example.org ,753-771-9170  ,  neW yOrK  
152,michaeL bELl , hArrislOretta@eXAmPle.net , 001-636-636-4734  , los angeleS 
153,  lAuRIE sTeWarT,  wATTSbArbara@exaMpLe.COm ,  +1-497-246-5052x2293  ,  daLlaS 
154,lAURa bond ,, 001-380-343-7345x7323  ,
155,  donna MonToya,qsmall@example.com ,  +1-745-374-5995X4209 , HousTON
156,jASoN barnett  ,  DpeREz@eXample.Org,+1-363-506-5607x238 , los AngelEs  
157, LIsa joHnson ,brIannA61@eXaMpLE.net  ,+1-205-704-5256x6788  ,neW yORK
158,  aImeE BUrnett, VhuNtEr@exaMplE.net  ,,###
159,paul rIchaRdSOn ,  jeSsicA31@ExAMple.com ,  6427879946, housTon
160,  BrAndi acosta ,irIddle@EXample.Com ,  001-294-269-0585X02291 ,@@@
161,  TiFfany BurTOn, aNdrewgOnzalEs@example.org,+1-295-594-4254x7409,###
162, eric mArtinEz  ,  dAvId15@exaMPLe.org , 940.439.4398x27207 ,  lOS aNgELeS
163, ashLey thoMaS,  mIchAeL97@ExampLE.ORG  ,  983-205-7051x45769 , New yoRk  
164, sCoTt roDriGuEz,sINgLetonjenNifer@ExAMple.com  ,334.924.0500X5589 ,
165,charlEs leE jr.  ,,  (839)555-4141x259  , chiCago 
166,MAtheW KrueGEr ,  darrensancheZ@exampLe.coM  ,  +1-285-654-6489x08958 , new York  
167,David GueRrEro jR.,swaNsOnJOsEPh@example.cOM  ,  256-728-5952  , HOuston
168, natALIe green,  kstewARt@ExAmPle.net,, LOs angeleS  
169,  jeNNifeR burneTt , tUckERasHlEy@exAmplE.cOm,  834-853-8698,DalLas  
170,margARET warren  ,aaron26@exAmpLE.COm,  001-695-534-9454x259  ,  hoUsTon
171,  kAthY hayneS ,mAyjoHn@exampLE.org, +1-221-696-1481x74973  , Los AnGeles  
172,jENnifer PhiLlips , JarEdelLIs@eXamplE.org,990.881.0575, nEw york #
173, aNdrEa DouGherty,  doNnamOorE@exAmPLe.com  , 312.964.7724x8177  , NEW yOrk
174,  aNgElA roDgErs ,janEt14@exaMplE.Com  ,+1-934-410-5365x460 , New york  
175, ZachaRy JaCkson ,andErsonanIta@eXamPle.cOm,  5518778193, HOusTON  
176,kaThlEen littLe,  meghAn63@eXaMPle.Org ,,New York
177,miChael Holt  ,  bRAndoN96@exAMple.com $,  605.273.4828 , daLlaS  
178, BRian owen,  bRyaNtAnNer@eXamPlE.Com  ,  (806)620-4535x130 ,houstoN
179,  AlEXis milLeR, maRYhUgheS@exAmplE.coM ,  825-515-1049x02489 , NEw YOrk  %
180,SamanThA Barr, jenNIfer64@exampLe.Com ,,  LOS angeLes
181,aMAnda gUtieRreZ, aLlisOnavila@examplE.net ,001-852-441-0520x980,###
182, jEsse gEoRGe,,, loS AngelEs  
183, meLiNda howarD&,dthOmpson@ExaMpLe.com ,452-618-4495x6034  ,cHiCagO 
184, kelly willIamS  ,,  881-862-6994x067,  lOs AnGelEs@
185,veronIcA dIckson,lEwIsjustin@examPlE.net , 396-719-4086X7158  ,  Houston 
186, Mrs. KatherIne wIlliaMs  ,dmarSHALl@eXaMpLE.com  ,, lOS anGelEs
187,rEBEcCa McbriDe,Tiffany19@eXAmPLe.com,+1-507-754-6291X377 , nEw YOrK
188,billy mORales  ,  kevinDIckersOn@examPlE.org  ,(467)351-9377x41216 ,dAlLAs  
189,  rebEcCa Green mD ,  icortez@exampLe.orG , +1-351-477-0140x97022, hOuston
190,sAraH YoRk  ,,  277.657.8518x039 ,dallas 
191,  riCHard TayLor jr.  ,  uBaKer@examplE.org  ,  +1-707-707-4231X9684,  cHicago 
192, AshLEY thOMas  , linDa85@exampLe.NEt  ,  251-888-1108 ,HOUSton 
193,  amanda lyons ,,, los angeles  
194,  ISabeLLA waRD ,kellyGuZman@ExAmple.Net  ,  (613)437-6635X5875 ,  chicago
195,  tImotHy joHNsOn,  joShUathoMpSOn@examplE.oRG,294.883.6548X818,
196,cHarleS washinGTon  , JoSejennings@eXampLe.org  , (914)654-0401 ,hoUSTon
197,chaD wiLLIAMs  ,  WilliamscOdy@exaMPLe.net  ,,daLlas  
198, krisTie grAnt,  NIchoLaSWalker@exampLE.COm,(535)739-0502, houstoN 
199,StepheN williaMS  ,  jEnnIFer64@eXamPle.net , (789)281-0539x36719,??
200,  cOurTney knOx  , mElisSa88@exampLe.neT,439.417.5420x58890 , hOuston 
201, mElanIe RAmos,wthoMpSOn@exaMplE.oRg,001-828-933-4550x7547 ,  CHIcago
202, DonNa PEreZ, pperez@eXAMpLE.nEt  ,  772.398.9136x14376  , HoustoN  
203,  aLlisON fAulkNer,JohnSOnjEfFrey@ExaMPLe.orG  &,  646.980.2436x0325  ,houston  
204,  mElissa hArdIn,, +1-298-494-9252, New York 
205,  ISaiah moOre , nicOlemcdonalD@eXaMple.CoM ,,  nEw yorK 
206,  Susan CampBeLl ,  Omckee@example.ORG  , (722)714-6419 ,###
207,aNThony CaMpbell ,  kimberly33@exAmple.oRG  ,  (861)822-9890x69343 %,chicaGO  
208,Douglas nGUYEn  ,cgarcIa@example.COM ,288-309-9122X92148 ,houstoN 
209,  lAUra sanCHez,  nGUYenjamie@ExaMple.org,  (443)498-5718 ,  HouSToN  
210,ROger Durham ,  GilBerTAlejaNdro@exaMPle.com ,(619)637-5422 ,dallas  
211,ANgelA DelEon  , faustin@ExamPlE.nEt,,  hOuStoN  
212,  marK robbiNS,ilaMbeRt@ExamPle.com ,+1-994-608-5664X186  , neW yoRk
213,  jaY mARtinez,  hGonZaleS@eXAmPle.ORg,622.935.3033  ,@@@
214,caThy MaRtiNez ,  briaNElLiS@eXaMPLe.cOm  ,  +1-931-442-2595x86695,###
215, KiMberLy davIla ,  maRSHALLkeviN@exAmple.com,846.788.3108 ,los angEleS 
216, aNdReA STARK  , PaTRick08@eXaMple.cOM ,(723)919-3981x28404  ,cHicaGo 
217,  joNathaN HErnanDez, longbRAndi@exampLe.com  ,  001-833-229-3190x25517  ,  DallAs
218,cARmen foRd, czhAnG@eXAmPle.Net,  2289563227  ,los angELes  
219,tHomas sMitH phd, gRiffInmAry@example.nEt$,7647913138 ,Houston  
220,  josHua graves,GrAymichellE@exaMpLe.cOm ,  848.776.0347x61466  ,??
221,  katHeRine Lin  ,  PrincEmelISsA@examPLe.org, 531.835.3336 ,??
222, michelLe cUmminGs,DreW73@exAMPLe.Net , +1-786-325-6155x2964 ,  DAllas
223, SherrI sPenceR &,  lsCOTt@EXaMple.com ,,  chicago
224,  JIll gOnzaLEz  ,  rGOnzaLeZ@EXamPle.org, +1-935-704-9934X1823 , ChIcago 
225, benJaMin deLgado,zSims@eXAmpLe.ORG,,@@@
226, RObErT sCotT ,  weNdy28@ExAmPle.oRG, 200.427.5997x44464 ,new yorK
227, jEssIca meDinA  ,  DheRNandEZ@ExampLE.coM  ,  643.831.9915  , lOs anGEles
228,  jordan kelLer  ,  kingAndrEw@EXample.net ,, cHIcago
229,  angelA Charles  ,jAMESDANIel@ExamplE.NET , +1-319-420-7026x9348  ,  los AngEles  
230,David peRkinS, cuRtischERyl@eXAmPlE.nEt ,(267)779-9522  $,New york
231,ChERYl JaCkSon  ,,(361)518-5947,LOS aNgeles 
232,janicE martIn  , melinDA56@exaMple.org ,688-211-6301  , loS AngelEs
233, riChard HuGheS jR.  ,rpowers@exampLe.com  ,,  cHiCAGo
234,  JuStiN bond phD , nicolemorAles@example.org  ,522.585.4621 ,dallas 
235,  marY camacHo  ,  OgiBson@examplE.Org,(559)926-6010  ,  dAllas  
236,eliZaBetH cox ,  christoPheRSPArkS@ExaMple.org, 511-603-4037x18799,
237,  jEffery toRRes,  caNdace75@examplE.NEt,  001-242-738-7206x94126 @,  houStoN 
238,  KaThy martiNeZ #,  LiNkylE@EXample.net  &,,###
239,Dr. GEorgE martinEz ,cHriStophEr91@eXamPle.com,,  new yORk
240,  aShley cLark,naTashaelliOtt@ExampLe.COM ,  948.955.5255x32756 ,HoustoN  
241,rodneY BOyer , melisSA74@exaMpLe.orG,  +1-594-946-6150 , loS angeleS
242,  chArlES MArtIn , rOdrigUEzsArah@exaMPLe.oRg ,(278)510-0004,  new york
243, StEPhen DAVIs  , MacdonalDsaMantha@EXAmple.com , 001-763-717-6420X02683  ,new yoRk 
244, bArbaRa hoUston ,qdaltOn@exaMple.Org  ,  (986)531-4187  ,  HOustOn  
245,  jOhN leWis, RobErt36@exAmplE.nEt  , +1-685-459-5695X8482  ,
246, jessiCA harTman, iyork@examPLE.neT ,001-832-541-7427X40550  ,  lOS ANgeLeS  
247,  tracy pRicE  ,gOoDWinharOLd@ExAmPle.Org, +1-476-288-3567x60730  ,  lOs AngeLes 
248,  HenRy ROdrigueZ ,WeStmItcHelL@eXamPle.oRg,, HoUStON
249, maRk milleR ,  SHIRley74@Example.Com ,  001-591-602-6206x5111,HoUston
250, Amanda owEn, katherine56@EXAmpLe.org  , 001-284-562-0789x3271 ,  LoS angelES  
251,Janice brown,gleNN47@eXample.coM,001-216-274-1692,
252, mIchAEl gomez, DmARKs@ExAMple.net  ,(492)920-9361x07744#,??
253,edwArD henDricKs&,BEthAnYrice@ExAmpLE.org,  001-669-241-4662  ,  los angeles 
254,  briAN nIchOlS  ,  PaigecarTeR@EXample.com  , 560-605-4404 ,ChicaGO 
255,  andreW Price  ,  craigsAraH@examPLe.Com,605.859.2599 ,@@@
256, jEssIca ScOtt  , CHAngmelisSa@eXAmple.net,,
257, alLisOn mcdOnaLd ,  sArAhCOLeMan@eXAmPle.Com  ,  302.663.9070x23110 , New yorK
258,  genE RObeRtson  , michaELsTokEs@ExamPlE.COm  ,  284-928-2444x19465 &, los angeles
259,  mark jONes ,,,houston 
260,  chRiStOpHer Hawkins,  thoMpsonriChard@example.orG ,  5055527709 , chicAGO
261,  BRadlEY ford ,laurAMIllEr@exampLE.com , 479.362.6276X3028,new YorK 
262, dAvid Cobb,timothy91@eXAmple.ORg  ,451.336.8349 ,  los AngeleS  $
263, james mejia  ,gmeDInA@exampLE.NeT  @,, cHicaGo 
264, jOrgE white,tloZAnO@ExaMple.Net  ,230.448.1067, houstON
265,michAeL GraVeS ,  sandersveRnoN@eXaMpLe.Com  ,  (416)988-0156X43941 ,los angeles
266,  JOn Kramer,  coOkJOSEPh@ExamplE.net  , 001-392-635-8180X9775  ,  ChICAgo @
267,  steveN watkIns,  ELLen26@eXAMPLe.orG,  001-606-934-6017x042  , dalLas
268, chRistoPHer ToRres , lynnregina@exampLe.com , 863.918.6476  ,NeW York 
269,wilLIAm CARroLl , Ejones@ExAMpLe.net  ,, hoUStoN  
270, Eric stephenS ,pattonaArOn@EXamplE.Com,+1-713-535-1059x252 $,  ChICagO 
271, MiRanda johnson , RwatsON@examPle.NEt, 645-312-0831x608 ,new yorK  
272, chrIstian barnEs ,  MiraNdACraiG@examplE.orG %,851-351-0455x32834  ,  dallAs
273,  scott zimMeRMAn,andrEw28@example.orG, 371.447.9084X702  ,NeW yOrk  
274, mIstY duRhAm ,, 789-905-3815x255 , CHiCaGo 
275,raYmONd gates  , mirAndAGutierreZ@exAmpLE.net,,chICaGo 
276, mr. michaEL hERnaNDez ,  danielRAYMOnd@ExamPle.Org,+1-264-355-3022,###
277,  derek grAy ,jaCqUelIne55@ExaMple.Org, (846)496-2244  ,
278,WHitney niXON , elIzabEth29@examplE.org ,,###
279,nancy rObERsON ,mhErreRa@Example.CoM  #,  281-549-2548X25263  ,  new yoRK #
280,cynthIA HAhn, STephanIEMAtthews@eXaMple.org,,  DAllas  
281,CoRey sImMoNs , caroL92@ExamPle.Net , +1-975-641-1362x3456, LOs angElES  
282, jeNnifEr gAteS $,  eAToNracHael@exaMplE.net  ,  661-243-2315x5506 ,  houston 
283,edWard AnDerson,lopEzchelSEA@eXample.com $, 854.826.1219x3104 ,daLLAS
284,SaRa huang  ,hgoodwIn@eXamPle.CoM,  (608)772-6843x2992  ,lOS angeLes  
285, mR. eric galloWay  , carla81@EXampLe.Com,  6687751657  #,??
286, RebECca copeland , ZrObInson@examPlE.OrG ,  (686)374-9415x844 ,New yoRk $
287, DaNiElLe morriS,  cHristopherPoTTS@eXAMple.net  ,,  Dallas
288,  EaRl LeE  ,  maTthewgorDON@eXample.orG  ,+1-569-206-3967  ,@@@
289,darrEN hunTer, paul35@EXamplE.orG  ,,  daLlAS  &
290,KyLe James,  coHeNeriN@exaMPlE.com,,  chicAgo  
291,  elizabeth gardNer  ,maTthew93@exAMplE.neT  ,, housTOn 
292,  stephanie WrIghT  ,  ipadILla@examPLe.coM  ,,??
293,  aNThOny sIms, aNdrew01@ExamPle.com,  6568108480  ,  nEw yoRk 
294, jEnnifer bELl ,  lewISkevIn@exAmple.oRG,  452-242-5751X918 ,hOuston 
295,keLly perEz ,, +1-462-435-9697 , Los angeLeS  
296,  COrey wILlIAmSoN , GAbrIElla30@exampLe.Net  , +1-604-685-5010 ,@@@
297,  TRevoR jOYce,  yjoHnSon@ExaMPle.Com,(785)747-2736X362%, New YOrk
298,  chRistIne fisHeR, ocoNner@eXaMpLe.oRg,  523.618.7193X3825,  ChiCago 
299,  TeresA HeNDeRsOn,  thoMASAndersoN@eXAmpLe.org  ,  +1-593-924-0887x41613 ,nEw yOrk 
300,  juan DIaZ mD ,vHayes@ExAMple.org, 001-812-388-9338x7353  ,  NEW YorK
301,  roBErt boyd  ,  renee60@examplE.net ,  +1-931-813-5082x911 , loS AnGEles  
302, JessIca mAthis MD ,  ValERiE59@eXAMpLE.coM , 507.374.7747,NEw yOrk  
303,eMiLY iBarra ,, 532-718-5743x003 ,houStON 
304,KatheRIne rosE  ,ArMstronGnathan@example.OrG,  +1-465-518-0960X77007, LOs anGELEs
305,samaNtha richardSoN,KpeaRson@EXaMpLE.Org ,001-520-492-5342X3606, los anGeleS
306, eDwARd conley ,amaNDA23@examPle.nET  ,  +1-655-534-0570,@@@
307, TRevor mCKEe  , bUchanandaVid@exampLe.coM  , 834.527.3462x27610  , daLlas 
308,  daWn spencer,,+1-540-555-7167x920, Los angELES 
309, asHley phiLLips,bucKLAUreN@example.cOm  ,  +1-608-699-6946x579 ,###
310,kAtIe mCmilLan , joneSdarReN@example.Com,802-627-3585x9580, dAllas  @
311, rObIn peREz,Lisa81@exaMpLe.neT  ,001-899-270-0098X95722,  dallaS
312,  kaitlyn haNeY,  hYateS@exAmplE.Net ,(998)351-4175&,hOuSton 
313, loreTTA VillEgAs , pEreZSTephAniE@ExAmPlE.Net  ,  +1-789-455-1813 ,###
314,  MiSs brIAnNa aRnOlD ,  DBOylE@exAmple.oRg  ,  +1-277-887-5589 , HoUstoN#
315, ravEn tHOmaS  ,michElLefLoReS@exaMple.nEt  ,,  nEw york 
316,  mArthA AdamS  ,ROdRigUezjULIa@EXampLe.oRG, 837.234.5340x41244, Los angELEs
317,  mattHew pitts, emilyhudsOn@examPLe.Com  ,247-466-0522X4065, dAllas 
318, sHErRi carroLL ,juStIN23@example.org ,001-677-259-9554x24742,  houston  
319,  micHael HArrington ,, 368.383.1120,hOustOn 
320, anDrea Rowe, rsmitH@eXaMPle.net  ,001-999-603-6310x4795  ,  loS anGeLES 
321, ANthony pereZ,meRCadOandreW@eXamPlE.oRg  ,9629488003  ,  neW York
322,AnnE MartiNez ,grosSjuStin@EXample.nEt  , 331.344.7302 , dallAS 
323,tinA carPenteR  , MelIsSa01@examPle.nEt  , 621.812.4371x8321 ,cHicaGo
324,  kevIn ThoMPSon, millErtiffany@examPlE.Com ,, loS angeles
325,  MAriO wIlliAms ,  hpAce@Example.org, 429-742-3702x3524 ,###
326, JaMeS allen ,  Steven99@ExampLe.cOm,324.972.2822x65521, Dallas  
327, StePhen hiNes ,mgrEen@exaMPLe.org,, new YoRK  
328, David lewiS,GOnzAlEshEAThER@eXampLe.oRg  ,,los aNgeles 
329, aLexA wright  ,BeVeRly57@examPlE.org ,  +1-405-785-5548X06004 ,new york 
330,  jonathan brOwN  , khanson@ExAmple.com , 2236431943  ,  Dallas  
331, AmbEr ball ,PereZKimBeRLY@exaMPle.Org,4295264511  ,dAllas 
332,  aNgeliCA sanTos  ,  baldwINguy@eXample.nEt,  335.970.0245x7604  ,??
333, jessICa RIveRa,  vliN@EXampLE.Net,  +1-345-617-4078x3141  , cHicago  
334, sHannon tyLer, Aaron19@examplE.coM  ,993.203.3384x580, los AngeLes
335,  mATtHew VEga  ,  wilsonevelyn@eXaMpLe.org  ,  001-360-806-3501X4059,hOuStoN
336,  james cArsoN  ,  naLexander@exaMpLE.cOm, 8186749500, NEw yORk  
337,eriC cHapman  , NHorn@ExAMple.orG  , +1-537-751-9028x77361 , NeW yoRk 
338,Anne olsOn ,  dTHOMAs@exAmple.cOM,  7258135254 ,  new yorK
339,  kelseY chen dds ,tbEASLey@example.org  ,  450-223-3137X9610,  dallAS 
340,mR. rOBErT GoNzaLez md,  bankSTaMmY@example.cOm  ,, los AngelES  
341,ray whiTehEAd,  phiLIPorTega@ExamPle.COm , 849.452.5118X216,new yOrk
342,  willIam caRson  ,DEanNaTaLiE@examPle.ORg  @,, chicagO
343,  MattheW hArriS  ,  jasOn45@exaMpLe.NET, (274)432-5916x22765, dallas&
344,  sophIA alvarEZ, jwaRner@exAmpLE.ORg  , 8603872518  ,  chicago 
345,brYaN JohnsoN  ,raMOsjuLie@eXAmPlE.com ,(550)697-4649  ,###
346, PeNny lewIs, CarsOnchrIsTINe@example.net ,(703)972-7087x57490, HoUsTon 
347, sHaRon kEnNeDy  ,  DoUgLaS77@eXAmplE.nET,  445.482.3636x953  , chicago  
348, ADriEnnE rIchArd ,  howELlnicOLe@eXAMple.orG&,,  chIcago  
349,zaCHary boyd  , nicole85@exampLe.com,,  nEw York 
350,  jason ANderSoN ,  kathLeentodd@ExaMPLe.coM  , 229.459.3405 ,lOs angeleS  
351, joHNAtHan rileY,  wBARrY@ExamPle.org,,@@@
352,  grEgory mCGuiRe, chrisTopHER91@EXaMple.com,  8016342971 ,hOuSton  
353,  jOnatHan jOhnSOn  ,  SbatES@exaMple.neT, 618-555-0712 ,neW York  
354, Randy LEE, qmarquEZ@example.com ,  001-239-566-2614x3246  , nEw yOrk
355, AmY rIverA@,  ThoffMan@exAMple.oRG, 714-441-2021x92257, chiCago  @
356,johN taYLOr,morrisANita@examplE.ORg  , +1-501-440-4798x036 ,lOs AnGEles
357, JOe petERSoN  , SimPSonjohNny@exAmple.neT  , 001-384-666-6917x6995  ,  NeW York 
358, miCHAEl kAnE ,  hMoRriS@eXaMpLe.oRg  ,, hoUSTon 
359,  PaulA fARrELl ,,403.694.9013, chIcaGo  
360,alICIA CaSe , chRistOPhER60@eXampLe.nEt,314.503.1904X571 ,###
361, micHael FeRGusOn  ,  ALlEn84@eXaMPLe.NET ,  001-582-957-1814  ,HoUston 
362, anthoNy oWenS  ,, 840.636.9914,
363,  BrAndon Bryant,eburNEtt@examplE.Com , 396.470.8056x098, lOs anGeLes  
364, JoNatHAn washiNgton  ,  nicholAs56@examPlE.cOm  ,6729813728  ,###
365,  alExaNdEr swAnsOn ,,4843940012,  los anGeles 
366,  MichAeL BaRTon  ,lisa87@ExAmple.net, 001-723-660-7256x8394 ,  nEw york  
367,  dOnNa KlinE  , rYaN47@ExaMPle.org ,  +1-901-441-6386x113 , lOs angelES  
368, jOshua YouNg,,  (868)600-4629x67665 ,loS anGeleS 
369,  Manuel smIth,KRistinaestraDa@EXample.Com,  +1-877-274-2029,  dallas  
370, ChRistopher chAsE,sHAwn49@Example.net,+1-766-243-6085x45066, chIcaGo $
371,kaTheRinE mooRE ,  TaylorpaTteRson@eXaMple.Com ,3463832914 , loS Angeles
372,joHn jOnes,  daVISMOnica@examplE.oRG  ,,dALlaS&
373, cYntHia scHneiDer ,  cOdyCUmMiNgs@eXAMplE.net  , 3004815078 %,
374, miChelle SmiTh&,,  001-612-831-1664X60087  ,ChICagO  
375, andrea hOdge , geNTryjOhn@EXampLe.cOM  ,,  Los ANgELes
376, ThomaS menDoza,, 001-423-587-8785x94567  ,  new York 
377,jEffrey bOnD  ,kEllY97@eXample.neT ,,  los aNgeLes 
378,brIaN reillY,  BroWnaMy@ExAmpLe.neT,, nEW york
379,derrick JOHnSton phd ,  curtisbarTon@exaMpLe.nET  , 4993336810  ,nEw york 
380,  joNAthAN padIlla,sCARtEr@ExAMplE.CoM  ,  6169842085  ,  DAllas 
381,dEnise bray,stANTONZACharY@examplE.cOm ,685.845.7329  ,  chIcAgO 
382,NichOLas taylor ,jAsMine98@exAmple.COm ,717.661.3762x073 $,new YOrK %
383,Jennifer smiTh,MeganliN@exampLE.oRG  ,001-930-504-1634X1979, dallaS  
384,  RAYMOnd joNEs  ,  ZRodRiguez@ExampLE.coM , 001-322-650-5721x95253 , new york 
385,  BREtt iBaRrA ,  willIamstYLer@exaMpLe.com  , (659)846-3483  , dalLAs  
386,  jEffErY MEJIa,  YEllIott@Example.nET,,  loS angeLes 
387,SHaron tAnnER ,,750-353-0149  ,  chIcAgo 
388, JAmes wANg  ,  tiMothyJEnkins@eXaMPle.com&, 268-501-7878 ,  cHicagO
389,elIzABeth neLsoN , thomAs69@examPLe.ORg  ,  702-588-8658, new yoRK 
390, cAthY li,  QgarcIA@ExAmple.Com  ,  842.344.0934X3583 ,###
391,amber summers ,, 470-909-6052X04508  ,ChiCago 
392,MatTHEW bakEr, aNNa53@exaMple.nET, 893.635.8827x90521  ,  dallAS  
393, adaM fostEr,hArrissarah@exampLe.nEt , (976)549-3582x2605  ,  chicagO 
394, diaNa mccOy,,806.240.4214x6936, chIcaGO
395,amandA WagneR,jesSicAheRnAndez@eXampLe.net , (974)293-4362x73218  , chiCagO  
396,Paul tayloR, kathLeENgUtIerrez@exaMple.orG,(387)373-6498x2047 ,  new york  
397, sCotT eLlis %, michaEl97@exAMPle.oRg  ,001-253-247-3488x5439 ,
398,  david Riddle ,  RoBInsOnjeNNIFEr@exaMPle.NET,,New YOrK 
399,  gregorY smItH,frobinsOn@eXAmPle.net%,860-944-7044 ,nEw YoRk
400, Aaron smIth ,  fLoyDeRIK@EXamPLE.ORg  ,,los aNgELes 
401, mark hEnry ,  wwRigHt@Example.cOm , (403)893-1281,  hoUsTON  
402, sandra bOOker,,  (445)269-9061,ChicAgo 
403, sUSAn LIVingstoN$,DyLan95@ExamPLe.oRg,  001-345-315-2351x8043 , DaLlas  
404,aNgelA Pittman ,JAsOn28@EXAmpLe.oRg  %,  540.825.8486x96960 , chicaGo 
405,tRAcy kidD, WGibbs@ExAmple.org ,  (589)974-9734 ,
406,robert NGUYen ,whall@exaMPlE.com ,,cHiCago 
407,  dAnnY tAylor, StePhEnSjAsmIne@exAmple.org,,  hoUSton
408, brenDa wilLiamson ,  KmoOre@exaMpLE.nEt  ,,  dAllas
409, kAThryn dAvis  ,,919.333.6054x8038 ,  new yOrk
410,nicole clark,aMooDy@examPle.ORG  ,392-322-1693X8449 , dALlAs
411, DiaNE rODrigUez ,  MaRIA40@exaMple.net, +1-384-294-5519X835 ,
412,mAnueL ZimmErman , mSmItH@exaMpLe.org ,  633-706-4953X61714,  los angELes 
413,oMar RodRiguez,,,  houston  $
414, KatHy broWn,  NguyenkevIn@exAmplE.nEt  ,757.460.8309  ,  Chicago 
415,  RIChard WAll, cBEasLey@ExamPLe.org ,(227)215-9269x40765  , hOUsToN 
416,  jaCQUeLine riCH ,STaNleyRyan@ExaMple.org ,001-548-731-5868 ,NEw YorK 
417,denniS huMphREY ,  terEsA68@exampLe.nEt  ,, DallAs  
418, stePhanIe arnOld,xMAnn@exAMpLE.com , 001-670-636-4321 , los angeles 
419,JEnNiFer sanDeRs ,MEdiNaChrisToPher@example.com ,,  Los aNGEles  
420, EdWard wilLis, trIciasaliNAS@eXample.CoM  ,  +1-672-854-7645x373 ,??
421,kAtiE AnderSon  , lOnGsTEveN@ExAmPlE.CoM ,(483)239-5941X7184  , NEw york  
422,shawn coLlier ,  theoDorEvaldeZ@ExamplE.neT ,(653)568-7934X0132, houSTOn
423,PatRIcia SUllivan , vsMitH@eXamplE.com ,, ChiCago  
424, lauren jonEs  ,RogEr65@eXamplE.CoM,+1-256-330-5826X18605  ,@@@
425,jAcquElinE smiTH,  niCHolaS94@eXamPLe.NeT,  402.619.2487 , NeW yoRk 
426, gabriellE wadE  ,campbelllUIS@exaMplE.net ,, lOs aNGelES 
427,  saraH sMIth,bradLEyMCcoRmIck@eXAmplE.coM ,, hOUSton
428,  CoRey rose ,  caRmenheBErT@ExamplE.com,  001-808-935-1627x9590, cHiCAGo  
429,briAN neLSoN ,beRrycrysTal@examPle.orG,566.806.3945x51998 , hOUston  
430, deReK IngraM  , ianreEvEs@ExaMple.neT ,  +1-414-947-3228x35100 , houstOn 
431, Don Ramirez,brendAn21@ExAmpLe.nEt@, +1-323-862-9094x5394 ,  DALlAs$
432, shelby smiTh ,  SAraHrAmirez@examplE.orG,,chicago 
433,  terrI thomas  , tErri39@example.NEt , 707-665-8547x1043@,  LOs AnGeles
434, dustin weAVeR,  foxKIMBErly@examplE.net ,, los AngElES 
435,  KristY gaRcIa,  gregoRykiRk@ExAMplE.OrG  , +1-212-764-5139x38893,###
436,  sANdra bailey  ,  xBRown@eXAmPLe.com  ,  +1-342-893-9331x74476  , lOS angelEs
437,  Bianca kiM, mAtThewwAGner@ExaMple.cOm ,,  ChIcAgo 
438, FELicia bAilEY, crySTalcooper@exAMPLe.NeT,  945-945-8375x6544  ,  new york  
439, kelLy toRreS ,kiMberlY64@examPlE.Net,,  new YorK
440,  jessica rIchardS,  gbrown@exaMplE.NEt , 439-938-4943x67580,###
441, BarbaRa rodrIGuez  ,  mIChaEL83@exAMpLE.Org  ,,###
442, mary raY$, michAel98@ExamPle.orG ,  001-498-272-7933X63581,  nEW yoRk
443,  billy reyeS  ,, 5157945221 ,
444,  victorIa shieLdS  ,aConrAD@example.NeT, 563-957-3539,  housTon $
445,john Sutton, mmAcIAS@ExamplE.Com, 993-558-9957x8072  ,@@@
446,  thoMas Baird ,,  241.945.7887x6105  , chiCago $
447,roBin moraLEs  ,sHaROn21@EXamPle.com,(247)942-0555 , HOuston
448,steVE jOhNsOn ,MaRtInezClarEnce@EXamplE.net  , +1-283-342-9029X98374 ,  los angEles&
449,sCOTt shANnOn,  btRaN@example.ORG,518.658.9338 , lOs aNgeLes  
450, james cantu,,969.316.7444, los angelEs
451,  morgAn blake,, 001-389-252-2466x3087,  DaLlas 
452,casSaNdrA TraViS ,OmoRgan@exampLe.CoM ,  292-281-4545X16513  ,  new yorK
453, Jake phIlLips , bkElley@ExaMPlE.COm  , 592.904.1598x917 ,  chICago  
454,WILLIAm RuiZ , ryaNRobeRT@example.coM  , 001-842-904-3336x736,  chicAgo 
455, jay dICkson,  hOlmesPaTriCk@eXampLe.NEt,  891-729-3050 ,??
456,  miCHelLe NelSon  ,TerEsAjoycE@exaMPle.NeT,,??
457, anthony ParKeR ,,759.467.7067  ,  lOS aNgeles  
458,joseph dunn,sHarRiS@eXamPlE.COm,(657)657-9846x25787,chicago 
459, erIka armsTroNg, richardsONbRenT@eXaMpLe.com  , 208-888-5790x9798 , neW YoRk
460,  DonALD aveRy,  michaelrOdRIguEZ@eXAMPlE.net, 801.972.4323x5503  ,daLlaS
461, donAld noblE, roberTsAMbEr@exAmPLE.neT,  +1-971-768-7284, hOuston
462,ELIzaBeth noRriS  ,, 001-229-562-0406, ChIcAgo  
463,brittany HILl  , mMAtA@exAmpLe.Com,,los AngeLEs 
464, JaMes riVers , jmAson@exaMple.net,  001-606-901-8510x2599 , daLLas 
465, dAnieL Bush,  jcrAWFoRd@ExamPle.org  %, 201-946-9556X43509,
466,megAn cAsEy ,  NFiguEroa@eXAMplE.net  , 373.307.6538x355,chicago
467,GregOry wiLLiaMs, DuDleyChristIna@eXampLe.neT  , 332.718.2798,@@@
468,  jessiCa grEGOry ,  eRIcsantIago@examPle.nEt  , 332.589.1464x80138,los aNgelEs
469,caSsandra juAReZ  ,lOwerobeRt@eXamPle.cOm, 6822896263%, Dallas
470,  jameS HOward  ,OconNoRbrITtney@examplE.net,,  ChicagO  
471,StevEn Moore,  edWArdskayla@exAmpLe.com,  745-783-3672x915 ,  neW yOrK@
472,ANDrew braDlEy , dUStinELlis@ExamPlE.net , (326)483-5116 ,hoUSToN
473,JAReD mooRE $, rtUcker@exAmPLE.oRg ,252.811.7472  ,  new yoRK  
474,JONAthAN Burns$,cHriStIanwilLIam@exaMPLE.net  ,  285-814-9924x0924@,  houstON @
475, dArin liN  ,riCeraymonD@ExAmPLe.neT  , (220)748-7817x1866  ,  chicaGo
476,sheilA JOhnson  ,, +1-401-824-9084x7539,chicAgo 
477,  dAWN STevens  ,DcervanTes@eXample.COm, 001-243-765-4071x04552 , hoUSTon
478,robert carpEnteR, lESLIe92@exaMplE.Org&,,LoS angeLes  
479,AShlEy DaViS , jESuscollins@eXamPle.coM  , (606)204-9319x1509 ,New YORk  
480,  nichoLAs ToDd  ,XpIeRce@eXamPLE.cOM  ,, Los aNgelEs 
481,  AMAnda KellY, dorotHY95@Example.net  ,(465)889-6532X19812  , los AngeLes  
482,monICa huerta , jameSKnight@exAmple.Net ,001-586-472-8029X8239 ,
483, mIChael Mason ,  diXonsamUel@exaMPLe.nEt,001-570-535-3337X9551 ,@@@
484,  CArlos jOhnsoN,,  919-710-8645X8870 ,??
485, OLivia grosS,  amanda85@ExamPlE.org ,,DAllaS  
486,chriStIne Lin,,,
487, mr. curtIs frIedmaN iIi ,  aLan42@EXaMplE.cOm,(957)626-5809  @,@@@
488,jennIfer CHristian ,  aLiSONMArtin@eXaMpLe.cOm,338.879.7051  ,  loS ANGeles  
489,jessIca SmItH  , pereznicHolaS@ExaMPle.OrG,(438)790-2956x3176, NEw YOrK
490,  kimbErly bAILEy  , chriSnOrrIS@eXAmple.org $, +1-591-340-7032X24279 ,  dallas 
491, chELSeY buCkley,LheRnANdez@Example.com ,521.996.2183x14937 ,DAllas  
492,  DAVid reYnOLdS, joan98@exAmpLe.Org  , 4789612707,@@@
493,allisoN hill,bREAnna21@exAmpLe.com  ,+1-589-220-7636X18372, dalLaS
494,nicOlE brOWn ,jenNIfERWILson@exAmple.nEt, +1-591-357-2744X93930 #,
495,tayloR pArK ,htUrNEr@eXaMple.Net  , 556-841-1255x34971  #,daLLaS 
496, mArY anderson, ReYnoLdSmiChellE@exaMPle.neT,+1-327-899-2152X700  ,daLLAs  
497,  becky barajas ,, 286-605-7435x63509 ,@@@
498,  mS. Melissa hENSOn , paDilLarobeRt@eXampLe.coM,, HoustOn
499,  aBigail ScoTt,, 001-397-387-2391X83378  ,ChiCago  
500,jUliAn leWis, ChARleScordOVa@exampLE.orG , 447.645.9146x047 ,  los angeleS  
362, anthoNy oWenS  ,, 840.636.9914,
74,  TImOthY brOwn  , YpONce@eXaMplE.Com,(754)451-0347x444,hOusTon
375, andrea hOdge , geNTryjOhn@EXampLe.cOM  ,,  Los ANgELes
156,jASoN barnett  ,  DpeREz@eXample.Org,+1-363-506-5607x238 , los AngelEs  
105,  MelInda Cole, brIannahiCkMan@eXampLe.com ,  001-248-772-3922x436,@@@
395,amandA WagneR,jesSicAheRnAndez@eXampLe.net , (974)293-4362x73218  , chiCagO  
378,brIaN reillY,  BroWnaMy@ExAmpLe.neT,, nEW york
125, cArly ricE  ,bramirez@examPle.oRg,, new YorK
69,  veRonicA odonnEll,nmoSLeY@ExamPLE.oRg &,4708390132,hoUstON
451,  morgAn blake,, 001-389-252-2466x3087,  DaLlas 
